date,store_id,product_id,units_sold,unit_price,promotion
2024-01-07,S001,P001,24,19.99,0
2024-01-07,S001,P002,8,79.99,1
2024-01-07,S001,P003,13,59.99,0
2024-01-07,S001,P004,18,24.99,0
2024-01-07,S002,P001,20,19.99,1
2024-01-07,S002,P002,7,79.99,0
2024-01-07,S002,P003,11,59.99,0
2024-01-07,S002,P004,15,24.99,1
2024-01-14,S001,P001,26,19.99,1
2024-01-14,S001,P002,9,79.99,0
2024-01-14,S001,P003,14,59.99,0
2024-01-14,S001,P004,19,24.99,0
2024-01-14,S002,P001,22,19.99,0
2024-01-14,S002,P002,8,79.99,1
2024-01-14,S002,P003,12,59.99,0
2024-01-14,S002,P004,17,24.99,0
2024-01-21,S001,P001,25,19.99,0
2024-01-21,S001,P002,10,79.99,1
2024-01-21,S001,P003,15,59.99,0
2024-01-21,S001,P004,20,24.99,1
2024-01-21,S002,P001,23,19.99,1
2024-01-21,S002,P002,9,79.99,0
2024-01-21,S002,P003,13,59.99,0
2024-01-21,S002,P004,18,24.99,0
2024-01-28,S001,P001,28,19.99,1
2024-01-28,S001,P002,11,79.99,0
2024-01-28,S001,P003,16,59.99,1
2024-01-28,S001,P004,21,24.99,0
2024-01-28,S002,P001,24,19.99,0
2024-01-28,S002,P002,10,79.99,1
2024-01-28,S002,P003,14,59.99,0
2024-01-28,S002,P004,19,24.99,1
2024-02-04,S001,P001,27,19.99,0
2024-02-04,S001,P002,10,79.99,0
2024-02-04,S001,P003,15,59.99,1
2024-02-04,S001,P004,20,24.99,0
2024-02-04,S002,P001,23,19.99,1
2024-02-04,S002,P002,9,79.99,0
2024-02-04,S002,P003,13,59.99,0
2024-02-04,S002,P004,18,24.99,1
2024-02-11,S001,P001,29,19.99,1
2024-02-11,S001,P002,12,79.99,0
2024-02-11,S001,P003,17,59.99,0
2024-02-11,S001,P004,22,24.99,1
2024-02-11,S002,P001,25,19.99,0
2024-02-11,S002,P002,11,79.99,1
2024-02-11,S002,P003,15,59.99,0
2024-02-11,S002,P004,20,24.99,0
2024-02-18,S001,P001,30,19.99,0
2024-02-18,S001,P002,12,79.99,1
2024-02-18,S001,P003,18,59.99,0
2024-02-18,S001,P004,23,24.99,0
2024-02-18,S002,P001,26,19.99,1
2024-02-18,S002,P002,10,79.99,0
2024-02-18,S002,P003,16,59.99,1
2024-02-18,S002,P004,21,24.99,0
2024-02-25,S001,P001,28,19.99,1
2024-02-25,S001,P002,11,79.99,0
2024-02-25,S001,P003,16,59.99,0
2024-02-25,S001,P004,21,24.99,1
2024-02-25,S002,P001,24,19.99,0
2024-02-25,S002,P002,10,79.99,1
2024-02-25,S002,P003,14,59.99,0
2024-02-25,S002,P004,19,24.99,0
